DTS,HDL_Project,FPGA_Type,DTS_Location,HDL_Location
kcu105_fmcdaq2,daq2_kcu105,microblaze,kcu105_fmcdaq2/simpleImage.strip,kcu105_fmcdaq2/system_top.bit
kcu105_adrv9371x,adrv9371x_kcu105,microblaze,kcu105_adrv9371x/simpleImage.strip,kcu105_adrv9371x/system_top.bit
kcu105_fmcdaq3,daq3_kcu105,microblaze,kcu105_fmcdaq3/simpleImage.strip,kcu105_fmcdaq3/system_top.bit
kcu105_fmcomms2-3,fmcomms2_kcu105,microblaze,kcu105_fmcomms2-3/simpleImage.strip,kcu105_fmcomms2-3/system_top.bit
kcu105_fmcomms4,fmcomms2_kcu105,microblaze,kcu105_fmcomms4/simpleImage.strip,kcu105_fmcomms4/system_top.bit
vcu118_fmcdaq3,daq3_vcu118,microblaze,vcu118_fmcdaq3/simpleImage.strip,vcu118_fmcdaq3/system_top.bit
vcu118_dual_ad9208,ad9208_dual_ebz_vcu118,microblaze,vcu118_dual_ad9208/simpleImage.strip,vcu118_dual_ad9208/system_top.bit
vcu118_adrv9025,adrv9026_vcu118,microblaze,vcu118_adrv9025/simpleImage.strip,vcu118_adrv9025/system_top.bit
vcu118_adrv9025_nls,adrv9026_vcu118_nls,microblaze,vcu118_adrv9025_nls/simpleImage.strip,vcu118_adrv9025_nls/system_top.bit
vcu118_adrv9025_jesd204c,adrv9026_vcu118_jesd204c,microblaze,vcu118_adrv9025_jesd204c/simpleImage.strip,vcu118_adrv9025_jesd204c/system_top.bit
vcu118_ad9081,ad9081_fmca_ebz_vcu118_m4_l8,microblaze,vcu118_ad9081/simpleImage.strip,vcu118_ad9081/system_top.bit
vcu118_ad9081_m8_l4,ad9081_fmca_ebz_vcu118,microblaze,vcu118_ad9081_m8_l4/simpleImage.strip,vcu118_ad9081_m8_l4/system_top.bit
vcu118_ad9081_m8_l4_corundum,ad9081_fmca_ebz_vcu118_corundum,microblaze,vcu118_ad9081_m8_l4_corundum/simpleImage.strip,vcu118_ad9081_m8_l4_corundum/system_top.bit
vcu118_ad9081_204c_txmode_10_rxmode_11,ad9081_fmca_ebz_vcu118_204c-txmode10-rxmode11,microblaze,vcu118_ad9081_204c_txmode_10_rxmode_11/simpleImage.strip,vcu118_ad9081_204c_txmode_10_rxmode_11/system_top.bit
vcu118_ad9081_204c_txmode_23_rxmode_25,ad9081_fmca_ebz_vcu118_204c-txmode23-rxmode25,microblaze,vcu118_ad9081_204c_txmode_23_rxmode_25/simpleImage.strip,vcu118_ad9081_204c_txmode_23_rxmode_25/system_top.bit
vcu118_ad9081_204c_txmode_10_rxmode_11_lr_24_75Gbps,ad9081_fmca_ebz_vcu118_204c-txmode10-rxmode11-24-75Gbps,microblaze,vcu118_ad9081_204c_txmode_10_rxmode_11_lr_24_75Gbps/simpleImage.strip,vcu118_ad9081_204c_txmode_10_rxmode_11_lr_24_75Gbps/system_top.bit
vcu118_ad9081_204c_txmode_23_rxmode_25_lr_24_75Gbps,ad9081_fmca_ebz_vcu118_204c-txmode23-rxmode25-24-75Gbps,microblaze,vcu118_ad9081_204c_txmode_23_rxmode_25_lr_24_75Gbps/simpleImage.strip,vcu118_ad9081_204c_txmode_23_rxmode_25_lr_24_75Gbps/system_top.bit
vcu118_ad9081_204c_txmode_24_rxmode_26_lr_24_75Gbps,ad9081_fmca_ebz_vcu118_204c-txmode24-rxmode26-24-75Gbps,microblaze,vcu118_ad9081_204c_txmode_24_rxmode_26_lr_24_75Gbps/simpleImage.strip,vcu118_ad9081_204c_txmode_24_rxmode_26_lr_24_75Gbps/system_top.bit
vcu118_ad9082,ad9082_fmca_ebz_vcu118,microblaze,vcu118_ad9082/simpleImage.strip,vcu118_ad9082/system_top.bit
vcu118_quad_ad9081_204c_txmode_11_rxmode_4_revc,ad_quadmxfe1_ebz_vcu118,microblaze,vcu118_quad_ad9081_204c_txmode_11_rxmode_4_revc/simpleImage.strip,vcu118_quad_ad9081_204c_txmode_11_rxmode_4_revc/system_top.bit
vcu118_ad9084_204C_M4_L8_NP16_20p0_4x4,ad9084_ebz_vcu118_np16,microblaze,vcu118_ad9084_204C_M4_L8_NP16_20p0_4x4/simpleImage.strip,vcu118_ad9084_204C_M4_L8_NP16_20p0_4x4/system_top.bit
socfpga_cyclone5_sockit_arradio,arradio_c5soc,c5soc,socfpga_cyclone5_sockit_arradio/socfpga.dtb,socfpga_cyclone5_sockit_arradio/
socfpga_cyclone5_sockit_dc2677a,dc2677a_c5soc,c5soc,socfpga_cyclone5_sockit_dc2677a/socfpga.dtb,socfpga_cyclone5_sockit_dc2677a/
socfpga_cyclone5_de10_nano_cn0540,cn0540_de10nano,c5soc,socfpga_cyclone5_de10_nano_cn0540/socfpga.dtb,socfpga_cyclone5_de10_nano_cn0540/
socfpga_cyclone5_de10_nano_cn0579_i2c,cn0579_de10nano,c5soc,socfpga_cyclone5_de10_nano_cn0579_i2c/socfpga.dtb,socfpga_cyclone5_de10_nano_cn0579_i2c/
socfpga_arria10_socdk_cn0506_mii,cn0506_a10soc,a10soc,socfpga_arria10_socdk_cn0506_mii/socfpga_arria10_socdk_sdmmc.dtb,socfpga_arria10_socdk_cn0506_mii/
socfpga_arria10_socdk_fmcomms8,fmcomms8_a10soc,a10soc,socfpga_arria10_socdk_fmcomms8/socfpga_arria10_socdk_sdmmc.dtb,socfpga_arria10_socdk_fmcomms8/
versal-vck190-reva-ad9081,ad9081_fmca_ebz_vck190,versal,versal-vck190-reva-ad9081/system.dtb,versal-vck190-reva-ad9081/
versal-vck190-reva-ad9081-204c-txmode22-rxmode23,ad9081_fmca_ebz_vck190_204c-txmode22-rxmode23,versal,versal-vck190-reva-ad9081-204c-txmode22-rxmode23/system.dtb,versal-vck190-reva-ad9081-204c-txmode22-rxmode23/
versal-vck190-reva-ad9081-204c-txmode23-rxmode25,ad9081_fmca_ebz_vck190_204c-txmode23-rxmode25,versal,versal-vck190-reva-ad9081-204c-txmode23-rxmode25/system.dtb,versal-vck190-reva-ad9081-204c-txmode23-rxmode25/
versal-vck190-reva-ad9082,ad9082_fmca_ebz_vck190,versal,versal-vck190-reva-ad9082/system.dtb,versal-vck190-reva-ad9082/
versal-vck190-reva-ad9082-204c-txmode22-rxmode23,ad9082_fmca_ebz_vck190_204c-txmode22-rxmode23,versal,versal-vck190-reva-ad9082-204c-txmode22-rxmode23/system.dtb,versal-vck190-reva-ad9082-204c-txmode22-rxmode23/
versal-vck190-reva-ad9209,ad9209_fmca_ebz_vck190,versal,versal-vck190-reva-ad9209/system.dtb,versal-vck190-reva-ad9209/
versal-vpk180-reva-ad9081,ad9081_fmca_ebz_vpk180,versal,versal-vpk180-reva-ad9081/system.dtb,versal-vpk180-reva-ad9081/
versal-vpk180-reva-ad9082,ad9082_fmca_ebz_vpk180,versal,versal-vpk180-reva-ad9082/system.dtb,versal-vpk180-reva-ad9082/
versal-vpk180-reva-ad9082-m1-l8,ad9082_fmca_ebz_vpk180_m1_l8,versal,versal-vpk180-reva-ad9082/m1_l8/system.dtb,versal-vpk180-reva-ad9082/m1_l8/
versal-vck190-reva-ad9084,ad9084_ebz_vck190,versal,versal_apollo/versal-vck190-reva-ad9084/system.dtb,versal_apollo/versal-vck190-reva-ad9084/
versal-vpk180-reva-ad9084,ad9084_ebz_vpk180,versal,versal_apollo/versal-vpk180-reva-ad9084/system.dtb,versal_apollo/versal-vpk180-reva-ad9084/
versal-vpk180-reva-ad9084-204C-M4-L1-NP16-20p0-4x16,ad9084_ebz_vpk180_m4_l1,versal,versal_apollo/versal-vpk180-reva-ad9084/m4_l1/system.dtb,versal_apollo/versal-vpk180-reva-ad9084/m4_l1/
zynq-adrv9361-z7035-bob-cmos,adrv9361z7035_ccbob_cmos,zynq,zynq-adrv9361-z7035-bob/cmos/devicetree.dtb,zynq-adrv9361-z7035-bob/cmos/
zynq-adrv9361-z7035-bob,adrv9361z7035_ccbob_lvds,zynq,zynq-adrv9361-z7035-bob/lvds/devicetree.dtb,zynq-adrv9361-z7035-bob/lvds/
zynq-adrv9361-z7035-fmc,adrv9361z7035_ccfmc_lvds,zynq,zynq-adrv9361-z7035-fmc/devicetree.dtb,zynq-adrv9361-z7035-fmc/
zynq-adrv9364-z7020-bob,adrv9364z7020_ccbob_lvds,zynq,zynq-adrv9364-z7020-bob/lvds/devicetree.dtb,zynq-adrv9364-z7020-bob/lvds/
zynq-adrv9364-z7020-bob-cmos,adrv9364z7020_ccbob_cmos,zynq,zynq-adrv9364-z7020-bob/cmos/devicetree.dtb,zynq-adrv9364-z7020-bob/cmos/
zynq-coraz7s-adaq4003,pulsar_adc_coraz7s,zynq,zynq-coraz7s-adaq4003/devicetree.dtb,zynq-coraz7s-adaq4003/
zynq-coraz7s-ad7984,pulsar_adc_coraz7s,zynq,zynq-coraz7s-ad7984/devicetree.dtb,zynq-coraz7s-ad7984/
zynq-coraz7s-cn0540,cn0540_coraz7s,zynq,zynq-coraz7s-cn0540/devicetree.dtb,zynq-coraz7s-cn0540/
zynq-coraz7s-cn0579_i2c,cn0579_coraz7s,zynq,zynq-coraz7s-cn0579_i2c/devicetree.dtb,zynq-coraz7s-cn0579_i2c/
zynq-zc702-adv7511-ad9361-fmcomms2-3,fmcomms2_zc702,zynq,zynq-zc702-adv7511-ad936x-fmcomms2-3-4/zynq-zc702-adv7511-ad9361-fmcomms2-3/devicetree.dtb,zynq-zc702-adv7511-ad936x-fmcomms2-3-4/
zynq-zc702-adv7511-ad9361-fmcomms5,fmcomms5_zc702,zynq,zynq-zc702-adv7511-ad9361-fmcomms5/devicetree.dtb,zynq-zc702-adv7511-ad9361-fmcomms5/
zynq-zc702-adv7511-ad9364-fmcomms4,fmcomms2_zc702,zynq,zynq-zc702-adv7511-ad936x-fmcomms2-3-4/zynq-zc702-adv7511-ad9364-fmcomms4/devicetree.dtb,zynq-zc702-adv7511-ad936x-fmcomms2-3-4/
zynq-zc702-adv7511,adv7511_zc702,zynq,zynq-zc702-adv7511/devicetree.dtb,zynq-zc702-adv7511/
zynq-zc706-adv7511-ad6676-fmc,ad6676evb_zc706,zynq,zynq-zc706-adv7511-ad6676-fmc/devicetree.dtb,zynq-zc706-adv7511-ad6676-fmc/
zynq-zc706-adv7511-ad9361-fmcomms2-3,fmcomms2_zc706,zynq,zynq-zc706-adv7511-ad936x-fmcomms2-3-4/zynq-zc706-adv7511-ad9361-fmcomms2-3/devicetree.dtb,zynq-zc706-adv7511-ad936x-fmcomms2-3-4/
zynq-zc706-adv7511-ad9361-fmcomms5,fmcomms5_zc706,zynq,zynq-zc706-adv7511-ad9361-fmcomms5/devicetree.dtb,zynq-zc706-adv7511-ad9361-fmcomms5/
zynq-zc706-adv7511-ad9361-fmcomms5-ext-lo-adf5355,fmcomms5_zc706,zynq,zynq-zc706-adv7511-ad9361-fmcomms5-ext-lo-adf5355/devicetree.dtb,zynq-zc706-adv7511-ad9361-fmcomms5-ext-lo-adf5355/
zynq-zc706-adv7511-ad9364-fmcomms4,fmcomms2_zc706,zynq,zynq-zc706-adv7511-ad936x-fmcomms2-3-4/zynq-zc706-adv7511-ad9364-fmcomms4/devicetree.dtb,zynq-zc706-adv7511-ad936x-fmcomms2-3-4/
zynq-zc706-adv7511-ad9434-fmc-500ebz,ad9434_fmc_zc706,zynq,zynq-zc706-adv7511-ad9434-fmc-500ebz/devicetree.dtb,zynq-zc706-adv7511-ad9434-fmc-500ebz/
zynq-zc706-adv7511-adrv9371-jesd204-fsm,adrv9371x_zc706,zynq,zynq-zc706-adv7511-adrv937x/zynq-zc706-adv7511-adrv9371/devicetree.dtb,zynq-zc706-adv7511-adrv937x/
zynq-zc706-adv7511-adrv9375-jesd204-fsm,adrv9371x_zc706,zynq,zynq-zc706-adv7511-adrv937x/zynq-zc706-adv7511-adrv9375/devicetree.dtb,zynq-zc706-adv7511-adrv937x/
zynq-zc706-adv7511-adrv9002,adrv9001_zc706,zynq,zynq-zc706-adv7511-adrv9002/zynq-zc706-adv7511-adrv9002/devicetree.dtb,zynq-zc706-adv7511-adrv9002/
zynq-zc706-adv7511-adrv9002-rx2tx2,adrv9001_zc706,zynq,zynq-zc706-adv7511-adrv9002/zynq-zc706-adv7511-adrv9002-rx2tx2/devicetree.dtb,zynq-zc706-adv7511-adrv9002/
zynq-zc706-adv7511-adrv9009-jesd204-fsm,adrv9009_zc706,zynq,zynq-zc706-adv7511-adrv9009/devicetree.dtb,zynq-zc706-adv7511-adrv9009/
zynq-zc706-adv7511-adrv9008-1-jesd204-fsm,adrv9009_zc706,zynq,zynq-zc706-adv7511-adrv9008-1-2/zynq-zc706-adv7511-adrv9008-1/devicetree.dtb,zynq-zc706-adv7511-adrv9008-1-2/
zynq-zc706-adv7511-adrv9008-2-jesd204-fsm,adrv9009_zc706,zynq,zynq-zc706-adv7511-adrv9008-1-2/zynq-zc706-adv7511-adrv9008-2/devicetree.dtb,zynq-zc706-adv7511-adrv9008-1-2/
zynq-zc706-adv7511,adv7511_zc706,zynq,zynq-zc706-adv7511/devicetree.dtb,zynq-zc706-adv7511/
zynq-zc706-adv7511-fmcdaq2,daq2_zc706,zynq,zynq-zc706-adv7511-fmcdaq2/devicetree.dtb,zynq-zc706-adv7511-fmcdaq2/
zynq-zc706-adv7511-fmcdaq3-revC,daq3_zc706,zynq,zynq-zc706-adv7511-fmcdaq3-revC/devicetree.dtb,zynq-zc706-adv7511-fmcdaq3-revC/
zynq-zc706-adv7511-fmcjesdadc1,fmcjesdadc1_zc706,zynq,zynq-zc706-adv7511-fmcjesdadc1/devicetree.dtb,zynq-zc706-adv7511-fmcjesdadc1/
zynq-zc706-adv7511-fmcomms11,fmcomms11_zc706,zynq,zynq-zc706-adv7511-fmcomms11/devicetree.dtb,zynq-zc706-adv7511-fmcomms11/
zynq-zc706-adv7511-cn0506-mii,cn0506_zc706_mii,zynq,zynq-zc706-adv7511-cn0506-mii/devicetree.dtb,zynq-zc706-adv7511-cn0506-mii/
zynq-zc706-adv7511-cn0506-rmii,cn0506_zc706_rmii,zynq,zynq-zc706-adv7511-cn0506-rmii/devicetree.dtb,zynq-zc706-adv7511-cn0506-rmii/
zynq-zc706-adv7511-cn0506-rgmii,cn0506_zc706,zynq,zynq-zc706-adv7511-cn0506-rgmii/devicetree.dtb,zynq-zc706-adv7511-cn0506-rgmii/
zynq-zc706-adv7511-ad9172-fmc-ebz,dac_fmc_ebz_zc706,zynq,zynq-zc706-adv7511-ad9172-fmc-ebz/devicetree.dtb,zynq-zc706-adv7511-ad9172-fmc-ebz/
zynq-zc706-adv7511-ad9081,ad9081_fmca_ebz_zc706,zynq,zynq-zc706-adv7511-ad9081/devicetree.dtb,zynq-zc706-adv7511-ad9081/
zynq-zc706-adv7511-ad9082,ad9082_fmca_ebz_zc706,zynq,zynq-zc706-adv7511-ad9082/devicetree.dtb,zynq-zc706-adv7511-ad9082/
zynq-zc706-adv7511-ad9081-np12,ad9081_fmca_ebz_zc706_np12,zynq,zynq-zc706-adv7511-ad9081/np12/devicetree.dtb,zynq-zc706-adv7511-ad9081/np12/
zynq-zed-adv7511-adaq4224-24,ad4630_fmc_zed,zynq,zynq-zed-adv7511-ad4630-24/zynq-zed-adv7511-adaq4224-24/devicetree.dtb,zynq-zed-adv7511-ad4630-24/
zynq-zed-adv7511-adrv9002,adrv9001_zed,zynq,zynq-zed-adv7511-adrv9002/zynq-zed-adv7511-adrv9002/devicetree.dtb,zynq-zed-adv7511-adrv9002/
zynq-zed-adv7511-adrv9002-rx2tx2,adrv9001_zed,zynq,zynq-zed-adv7511-adrv9002/zynq-zed-adv7511-adrv9002-rx2tx2/devicetree.dtb,zynq-zed-adv7511-adrv9002/
zynq-zed-adv7511-ad4000,pulsar_adc_zed,zynq,pulsar_adc_zed/zynq-zed-adv7511-ad4000/devicetree.dtb,pulsar_adc_zed/zynq-zed-adv7511-ad4000/
zynq-zed-adv7511-ad4001,pulsar_adc_zed,zynq,pulsar_adc_zed/zynq-zed-adv7511-ad4001/devicetree.dtb,pulsar_adc_zed/zynq-zed-adv7511-ad4001/
zynq-zed-adv7511-ad4002,pulsar_adc_zed,zynq,pulsar_adc_zed/zynq-zed-adv7511-ad4002/devicetree.dtb,pulsar_adc_zed/zynq-zed-adv7511-ad4002/
zynq-zed-adv7511-ad4003,pulsar_adc_zed,zynq,pulsar_adc_zed/zynq-zed-adv7511-ad4003/devicetree.dtb,pulsar_adc_zed/zynq-zed-adv7511-ad4003/
zynq-zed-adv7511-ad4020,pulsar_adc_zed,zynq,pulsar_adc_zed/zynq-zed-adv7511-ad4020/devicetree.dtb,pulsar_adc_zed/zynq-zed-adv7511-ad4020/
zynq-zed-adv7511-adaq4003,adaq4003_zed,zynq,pulsar_adc_zed/zynq-zed-adv7511-adaq4003/devicetree.dtb,pulsar_adc_zed/zynq-zed-adv7511-adaq4003/
zynq-zed-adv7511-ad4630-24,ad4630_fmc_zed,zynq,zynq-zed-adv7511-ad4630-24/devicetree.dtb,zynq-zed-adv7511-ad4630-24/
zynq-zed-adv7511-ad4696,ad469x_evb_zed,zynq,zynq-zed-adv7511-ad4696/devicetree.dtb,zynq-zed-adv7511-ad4696/
zynq-zed-adv7511-ad7380,ad738x_fmc_zed,zynq,zynq-zed-adv7511-ad7380/devicetree.dtb,zynq-zed-adv7511-ad7380/
zynq-zed-adv7511-ad7383-4,ad738x_fmc_zed,zynq,zynq-zed-adv7511-ad7383-4/devicetree.dtb,zynq-zed-adv7511-ad7383-4/
zynq-zed-adv7511-ad7768-1-evb,ad77681evb_zed,zynq,zynq-zed-adv7511-ad7768-1-evb/devicetree.dtb,zynq-zed-adv7511-ad7768-1-evb/
zynq-zed-adv7511-ad7768-axi-adc,ad7768evb_zed,zynq,zynq-zed-adv7511-ad7768-axi-adc/devicetree.dtb,zynq-zed-adv7511-ad7768-axi-adc/
zynq-zed-adv7511-ad7768-4-axi-adc,ad7768evb_zed,zynq,zynq-zed-adv7511-ad7768-4-axi-adc/devicetree.dtb,zynq-zed-adv7511-ad7768-4-axi-adc/
zynq-zed-adv7511-ad9265-fmc-125ebz,ad9265_fmc_zed,zynq,zynq-zed-adv7511-ad9265-fmc-125ebz/devicetree.dtb,zynq-zed-adv7511-ad9265-fmc-125ebz/
zynq-zed-adv7511-ad9361-fmcomms2-3,fmcomms2_zed,zynq,zynq-zed-adv7511-ad936x-fmcomms2-3-4/zynq-zed-adv7511-ad9361-fmcomms2-3/devicetree.dtb,zynq-zed-adv7511-ad936x-fmcomms2-3-4/
zynq-zed-adv7511-ad9364-fmcomms4,fmcomms2_zed,zynq,zynq-zed-adv7511-ad936x-fmcomms2-3-4/zynq-zed-adv7511-ad9364-fmcomms4/devicetree.dtb,zynq-zed-adv7511-ad936x-fmcomms2-3-4/
zynq-zed-adv7511-ad9434-fmc-500ebz,ad9434_fmc_zed,zynq,zynq-zed-adv7511-ad9434-fmc-500ebz/devicetree.dtb,zynq-zed-adv7511-ad9434-fmc-500ebz/
zynq-zed-adv7511-ad9467-fmc-250ebz,ad9467_fmc_zed,zynq,zynq-zed-adv7511-ad9467-fmc-250ebz/devicetree.dtb,zynq-zed-adv7511-ad9467-fmc-250ebz/
zynq-zed-adv7511-adaq8092,adaq8092_fmc_zed,zynq,zynq-zed-adv7511-adaq8092/devicetree.dtb,zynq-zed-adv7511-adaq8092/
zynq-zed-adv7511-cn0363,cn0363_zed,zynq,zynq-zed-adv7511-cn0363/devicetree.dtb,zynq-zed-adv7511-cn0363/
zynq-zed-adv7511-cn0506-mii,cn0506_zed_mii,zynq,zynq-zed-adv7511-cn0506-mii/devicetree.dtb,zynq-zed-adv7511-cn0506-mii/
zynq-zed-adv7511-cn0506-rmii,cn0506_zed_rmii,zynq,zynq-zed-adv7511-cn0506-rmii/devicetree.dtb,zynq-zed-adv7511-cn0506-rmii/
zynq-zed-adv7511-cn0506-rgmii,cn0506_zed,zynq,zynq-zed-adv7511-cn0506-rgmii/devicetree.dtb,zynq-zed-adv7511-cn0506-rgmii/
zynq-zed-adv7511-cn0577,cn0577_zed,zynq,zynq-zed-adv7511-cn0577/devicetree.dtb,zynq-zed-adv7511-cn0577/
zynq-zed-adv7511,adv7511_zed,zynq,zynq-zed-adv7511/devicetree.dtb,zynq-zed-adv7511/
zynq-zed-otg,adv7511_zed_wo_bitstream,zynq,zynq-zed-otg/devicetree.dtb,zynq-zed-otg/
zynqmp-jupiter-sdr,jupiter_sdr,zynqu,zynqmp-jupiter-sdr/system.dtb,zynqmp-jupiter-sdr/
zynqmp-jupiter-sdr-rx2tx2,jupiter_sdr,zynqu,zynqmp-jupiter-sdr/rx2tx2/system.dtb,zynqmp-jupiter-sdr/
zynqmp-zcu102-rev10-ad9364-fmcomms4,fmcomms2_zcu102,zynqu,zynqmp-zcu102-rev10-ad936x-fmcomms2-3-4/zynqmp-zcu102-rev10-ad9364-fmcomms4/system.dtb,zynqmp-zcu102-rev10-ad936x-fmcomms2-3-4/
zynqmp-zcu102-rev10-ad9361-fmcomms2-3,fmcomms2_zcu102,zynqu,zynqmp-zcu102-rev10-ad936x-fmcomms2-3-4/zynqmp-zcu102-rev10-ad9361-fmcomms2-3/system.dtb,zynqmp-zcu102-rev10-ad936x-fmcomms2-3-4/
zynqmp-zcu102-rev10-ad9361-fmcomms5,fmcomms5_zcu102,zynqu,zynqmp-zcu102-rev10-ad9361-fmcomms5/system.dtb,zynqmp-zcu102-rev10-ad9361-fmcomms5/
zynqmp-zcu102-rev10-ad9361-fmcomms5-ext-lo-adf5355,fmcomms5_zcu102,zynqu,zynqmp-zcu102-rev10-ad9361-fmcomms5-ext-lo-adf5355/system.dtb,zynqmp-zcu102-rev10-ad9361-fmcomms5-ext-lo-adf5355/
zynqmp-zcu102-rev10-ad9467-fmc-250ebz,ad9467_fmc_zcu102,zynqu,zynqmp-zcu102-rev10-ad9467-fmc-250ebz/system.dtb,zynqmp-zcu102-rev10-ad9467-fmc-250ebz/
zynqmp-zcu102-rev10-ad9695,ad9695_fmc_zcu102,zynqu,zynqmp-zcu102-rev10-ad9695/system.dtb,zynqmp-zcu102-rev10-ad9695/
zynqmp-zcu102-rev10-ad9783,ad9783_ebz_zcu102,zynqu,zynqmp-zcu102-rev10-ad9783/system.dtb,zynqmp-zcu102-rev10-ad9783/
zynqmp-zcu102-rev10-adrv9371-jesd204-fsm,adrv9371x_zcu102,zynqu,zynqmp-zcu102-rev10-adrv937x/zynqmp-zcu102-rev10-adrv9371/system.dtb,zynqmp-zcu102-rev10-adrv937x/
zynqmp-zcu102-rev10-adrv9375-jesd204-fsm,adrv9371x_zcu102,zynqu,zynqmp-zcu102-rev10-adrv937x/zynqmp-zcu102-rev10-adrv9375/system.dtb,zynqmp-zcu102-rev10-adrv937x/
zynqmp-zcu102-rev10-fmcdaq2,daq2_zcu102,zynqu,zynqmp-zcu102-rev10-fmcdaq2/system.dtb,zynqmp-zcu102-rev10-fmcdaq2/
zynqmp-zcu102-rev10-fmcdaq2_m4_l4,daq2_zcu102_m4_l4,zynqu,zynqmp-zcu102-rev10-fmcdaq2_m4_l4/system.dtb,zynqmp-zcu102-rev10-fmcdaq2_m4_l4/
zynqmp-zcu102-rev10-fmcdaq3,daq3_zcu102,zynqu,zynqmp-zcu102-rev10-fmcdaq3/system.dtb,zynqmp-zcu102-rev10-fmcdaq3/
zynqmp-zcu102-rev10-adrv9002,adrv9001_zcu102,zynqu,zynqmp-zcu102-rev10-adrv9002/zynqmp-zcu102-rev10-adrv9002/system.dtb,zynqmp-zcu102-rev10-adrv9002/boot_bin_CMOS/
zynqmp-zcu102-rev10-adrv9002,adrv9001_zcu102_lvds,zynqu,zynqmp-zcu102-rev10-adrv9002/zynqmp-zcu102-rev10-adrv9002/system.dtb,zynqmp-zcu102-rev10-adrv9002/boot_bin_LVDS/
zynqmp-zcu102-rev10-adrv9002-rx2tx2,adrv9001_zcu102_lvds,zynqu,zynqmp-zcu102-rev10-adrv9002/zynqmp-zcu102-rev10-adrv9002-rx2tx2/system.dtb,zynqmp-zcu102-rev10-adrv9002/boot_bin_LVDS/
zynqmp-zcu102-rev10-adrv9002-rx2tx2,adrv9001_zcu102,zynqu,zynqmp-zcu102-rev10-adrv9002/zynqmp-zcu102-rev10-adrv9002-rx2tx2/system.dtb,zynqmp-zcu102-rev10-adrv9002/boot_bin_CMOS/
zynqmp-zcu102-rev10-adrv9009-jesd204-fsm,adrv9009_zcu102,zynqu,zynqmp-zcu102-rev10-adrv9009/system.dtb,zynqmp-zcu102-rev10-adrv9009/
zynqmp-zcu102-rev10-adrv9009-fmcomms8-jesd204-fsm,fmcomms8_zcu102,zynqu,zynqmp-zcu102-rev10-adrv9009-fmcomms8/system.dtb,zynqmp-zcu102-rev10-adrv9009-fmcomms8/
zynqmp-zcu102-rev10-adrv9008-1-jesd204-fsm,adrv9009_zcu102,zynqu,zynqmp-zcu102-rev10-adrv9008-1-2/zynqmp-zcu102-rev10-adrv9008-1/system.dtb,zynqmp-zcu102-rev10-adrv9008-1-2/
zynqmp-zcu102-rev10-adrv9008-2-jesd204-fsm,adrv9009_zcu102,zynqu,zynqmp-zcu102-rev10-adrv9008-1-2/zynqmp-zcu102-rev10-adrv9008-2/system.dtb,zynqmp-zcu102-rev10-adrv9008-1-2/
zynqmp-zcu102-rev10-ad9172-fmc-ebz-mode4,dac_fmc_ebz_zcu102,zynqu,zynqmp-zcu102-rev10-ad9172-fmc-ebz-mode4/system.dtb,zynqmp-zcu102-rev10-ad9172-fmc-ebz-mode4/
zynqmp-zcu102-rev10-ad9154-fmc-ebz,dac_fmc_ebz_zcu102_ad9154,zynqu,zynqmp-zcu102-rev10-ad9154-fmc-ebz/system.dtb,zynqmp-zcu102-rev10-ad9154-fmc-ebz/
zynqmp-zcu102-rev10-ad9144-fmc-ebz,dac_fmc_ebz_zcu102_ad9144,zynqu,zynqmp-zcu102-rev10-ad9144-fmc-ebz/system.dtb,zynqmp-zcu102-rev10-ad9144-fmc-ebz/
zynqmp-zcu102-rev10-cn0506-mii,cn0506_zcu102_mii,zynqu,zynqmp-zcu102-rev10-cn0506-mii/system.dtb,zynqmp-zcu102-rev10-cn0506-mii/
zynqmp-zcu102-rev10-cn0506-rgmii,cn0506_zcu102,zynqu,zynqmp-zcu102-rev10-cn0506-rgmii/system.dtb,zynqmp-zcu102-rev10-cn0506-rgmii/
zynqmp-zcu102-rev10-cn0506-rmii,cn0506_zcu102_rmii,zynqu,zynqmp-zcu102-rev10-cn0506-rmii/system.dtb,zynqmp-zcu102-rev10-cn0506-rmii/
zynqmp-adrv9009-zu11eg-revb-adrv2crr-fmc-revb-jesd204-fsm,adrv9009zu11eg_adrv2crr_fmc,zynqu,zynqmp-adrv9009-zu11eg-revb-adrv2crr-fmc-revb/system.dtb,zynqmp-adrv9009-zu11eg-revb-adrv2crr-fmc-revb/
zynqmp-adrv9009-zu11eg-revb-adrv2crr-fmc-revb-sync-jesd204-fsm-multisom-primary,adrv9009zu11eg_adrv2crr_fmc,zynqu,zynqmp-adrv9009-zu11eg-revb-adrv2crr-fmc-revb/zynqmp-adrv9009-zu11eg-revb-adrv2crr-fmc-revb-sync-multisom-primary/system.dtb,zynqmp-adrv9009-zu11eg-revb-adrv2crr-fmc-revb/
zynqmp-adrv9009-zu11eg-revb-adrv2crr-fmc-revb-sync-jesd204-fsm-multisom-secondary,adrv9009zu11eg_adrv2crr_fmc,zynqu,zynqmp-adrv9009-zu11eg-revb-adrv2crr-fmc-revb/zynqmp-adrv9009-zu11eg-revb-adrv2crr-fmc-revb-sync-multisom-secondary/system.dtb,zynqmp-adrv9009-zu11eg-revb-adrv2crr-fmc-revb/
zynqmp-adrv9009-zu11eg-revb-adrv2crr-fmc-revb-sync-fmcomms8-jesd204-fsm,adrv9009zu11eg_adrv2crr_fmcomms8,zynqu,zynqmp-adrv9009-zu11eg-revb-adrv2crr-fmc-revb-sync-fmcomms8/system.dtb,zynqmp-adrv9009-zu11eg-revb-adrv2crr-fmc-revb-sync-fmcomms8/
zynqmp-adrv9009-zu11eg-revb-adrv2crr-fmc-revb-sync-fmcomms8-jesd204-fsm-multisom-primary,adrv9009zu11eg_adrv2crr_fmcomms8,zynqu,zynqmp-adrv9009-zu11eg-revb-adrv2crr-fmc-revb-sync-fmcomms8/zynqmp-adrv9009-zu11eg-revb-adrv2crr-fmc-revb-sync-fmcomms8-multisom-primary/system.dtb,zynqmp-adrv9009-zu11eg-revb-adrv2crr-fmc-revb-sync-fmcomms8/
zynqmp-adrv9009-zu11eg-revb-adrv2crr-fmc-revb-sync-fmcomms8-jesd204-fsm-multisom-secondary,adrv9009zu11eg_adrv2crr_fmcomms8,zynqu,zynqmp-adrv9009-zu11eg-revb-adrv2crr-fmc-revb-sync-fmcomms8/zynqmp-adrv9009-zu11eg-revb-adrv2crr-fmc-revb-sync-fmcomms8-multisom-secondary/system.dtb,zynqmp-adrv9009-zu11eg-revb-adrv2crr-fmc-revb-sync-fmcomms8/
zynqmp-zcu102-rev10-ad9081,ad9081_fmca_ebz_zcu102_m4_l8,zynqu,zynqmp-zcu102-rev10-ad9081/m4_l8/system.dtb,zynqmp-zcu102-rev10-ad9081/m4_l8/
zynqmp-zcu102-rev10-ad9081-m8-l4,ad9081_fmca_ebz_zcu102,zynqu,zynqmp-zcu102-rev10-ad9081/m8_l4/system.dtb,zynqmp-zcu102-rev10-ad9081/m8_l4/
zynqmp-zcu102-rev10-ad9081-m8-l4-tdd,ad9081_fmca_ebz_zcu102_tdd,zynqu,zynqmp-zcu102-rev10-ad9081/m8_l4/m8_l4_tdd/system.dtb,zynqmp-zcu102-rev10-ad9081/m8_l4/
zynqmp-zcu102-rev10-ad9081-m8-l4-overlay,ad9081_fmca_ebz_zcu102,zynqu,zynqmp-zcu102-rev10-ad9081/m8_l4/m8_l4_overlay/system.dtb,zynqmp-zcu102-rev10-ad9081/m8_l4/
zynqmp-zcu102-rev10-ad9081-m8-l4-qpllrx,ad9081_fmca_ebz_zcu102,zynqu,zynqmp-zcu102-rev10-ad9081/m8_l4/m8_l4_qpllrx/system.dtb,zynqmp-zcu102-rev10-ad9081/m8_l4/
zynqmp-zcu102-rev10-ad9081-m8-l4-vcxo122p88,ad9081_fmca_ebz_zcu102,zynqu,zynqmp-zcu102-rev10-ad9081/m8_l4/m8_l4_vcxo122p88/system.dtb,zynqmp-zcu102-rev10-ad9081/m8_l4/
zynqmp-zcu102-rev10-ad9081-204b-txmode9-rxmode4,ad9081_fmca_ebz_zcu102_204b-txmode9-rxmode4,zynqu,zynqmp-zcu102-rev10-ad9081/204b_txmode9_rxmode4/system.dtb,zynqmp-zcu102-rev10-ad9081/204b_txmode9_rxmode4/
zynqmp-zcu102-rev10-ad9081-204c-txmode0-rxmode1,ad9081_fmca_ebz_zcu102_204c-txmode0-rxmode1,zynqu,zynqmp-zcu102-rev10-ad9081/204c_txmode0_rxmode1/system.dtb,zynqmp-zcu102-rev10-ad9081/204c_txmode0_rxmode1/
zynqmp-zcu102-rev10-stingray,ad9081_fmca_ebz_x_band_zcu102,zynqu,zynqmp-zcu102-rev10-stingray/system.dtb,zynqmp-zcu102-rev10-stingray/
zynqmp-zcu102-rev10-stingray-vcxo100,ad9081_fmca_ebz_x_band_zcu102,zynqu,zynqmp-zcu102-rev10-stingray/vcxo100/system.dtb,zynqmp-zcu102-rev10-stingray/
zynqmp-zcu102-rev10-stingray-vcxo100-direct-clk,ad9081_fmca_ebz_x_band_zcu102,zynqu,zynqmp-zcu102-rev10-stingray/vcxo100-direct-clk/system.dtb,zynqmp-zcu102-rev10-stingray/
zynqmp-zcu102-rev10-stingray-direct-clk,ad9081_fmca_ebz_x_band_zcu102,zynqu,zynqmp-zcu102-rev10-stingray/direct-clk/system.dtb,zynqmp-zcu102-rev10-stingray/
zynqmp-zcu102-rev10-ad9082-m4-l8,ad9082_fmca_ebz_zcu102,zynqu,zynqmp-zcu102-rev10-ad9082-m4-l8/system.dtb,zynqmp-zcu102-rev10-ad9082-m4-l8/
zynqmp-zcu102-rev10-ad9083-fmc-ebz,ad9083_evb_zcu102,zynqu,zynqmp-zcu102-rev10-ad9083-fmc-ebz/system.dtb,zynqmp-zcu102-rev10-ad9083-fmc-ebz/
zynqmp-zcu102-rev10-adrv9025,adrv9026_zcu102,zynqu,zynqmp-zcu102-rev10-adrv9025/system.dtb,zynqmp-zcu102-rev10-adrv9025/
zynqmp-zcu102-rev10-adrv9025-jesd204c,adrv9026_zcu102_jesd204c,zynqu,zynqmp-zcu102-rev10-adrv9025/jesd204c/system.dtb,zynqmp-zcu102-rev10-adrv9025/jesd204c/
zynqmp-zcu102-rev10-adrv9025-nls,adrv9026_zcu102_nls,zynqu,zynqmp-zcu102-rev10-adrv9025/nls/system.dtb,zynqmp-zcu102-rev10-adrv9025/nls/
